{
  "project_info": {
    "project_number": "951387487621",
    "firebase_url": "https://parishoner-df0a7-default-rtdb.firebaseio.com",
    "project_id": "parishoner-df0a7",
    "storage_bucket": "parishoner-df0a7.appspot.com"
  },
  "client": [
    {
      "client_info": {
        "mobilesdk_app_id": "1:951387487621:android:902d4408d914b757dfd8ec",
        "android_client_info": {
          "package_name": "com.example.parishoners"
        }
      },
      "oauth_client": [
        {
          "client_id": "951387487621-qotmtlde6g2u3m2n5uihu887njdl965n.apps.googleusercontent.com",
          "client_type": 3
        }
      ],
      "api_key": [
        {
          "current_key": "AIzaSyCxcdjmWUqwfeRgxFbkvnmbkzDhspi92AA"
        }
      ],
      "services": {
        "appinvite_service": {
          "other_platform_oauth_client": [
            {
              "client_id": "951387487621-qotmtlde6g2u3m2n5uihu887njdl965n.apps.googleusercontent.com",
              "client_type": 3
            }
          ]
        }
      }
    }
  ],
  "configuration_version": "1"
}